this,1
is,2
the,3
most,4
show,5
i,6
have,7
ever,8
seen,9
in,10
my,11
life,12
after,13
watching,14
film,15
to,16
more,17
about,18
of,19
short,20
was,21
a,22
waste,23
time,24
and,25
would,26
not,27
recommend,28
anyone,29
see,30
first,31
it,32
so,33
can,34
for,35
dont,36
think,37
there,38
are,39
any,40
as,41
movie,42
had,43
with,44
other,45
were,46
many,47
know,48
how,49
but,50
will,51
you,52
has,53
didnt,54
characters,55
better,56
some,57
into,58
an,59
films,60
real,61
its,62
all,63
well,64
because,65
bad,66
even,67
be,68
good,69
made,70
play,71
by,72
make,73
very,74
acting,75
plot,76
just,77
me,78
much,79
terrible,80
writing,81
worse,82
he,83
little,84
over,85
his,86
script,87
excellent,88
great,89
really,90
one,91
at,92
funny,93
movies,94
saw,95
thought,96
stupid,97
seeing,98
both,99
liked,100
than,101
from,102
do,103
your,104
doesnt,105
who,106
only,107
truly,108
out,109
get,110
pretty,111
they,112
piece,113
camera,114
that,115
actors,116
enough,117
or,118
up,119
every,120
scene,121
actor,122
when,123
their,124
which,125
right,126
love,127
way,128
best,129
no,130
performance,131
look,132
totally,133
experience,134
like,135
worth,136
too,137
on,138
if,139
everything,140
cant,141
absolutely,142
story,143
work,144
wonderful,145
them,146
10,147
character,148
does,149
also,150
cast,151
scenes,152
her,153
could,154
tom,155
screen,156
here,157
two,158
highly,159
